,Algorithm,Accuracy,Precision,Recall,F1-Score,Training Time (s)
0,Random Forest,0.995470732343854,0.9971213291667903,0.995470732343854,0.9953588198404971,28.944161891937256
1,XGBoost,0.9955296633356625,0.9971803095638991,0.9955296633356625,0.9954251175297311,13.852282285690308
2,KNN,0.9953023580815437,0.9969264926063123,0.9953023580815437,0.9951931069900454,1.4469687938690186
3,SVM,0.9648181978902705,0.9612590833875998,0.9648181978902705,0.9622717087658872,2319.059417486191
