Algorithm,Accuracy,Precision,Recall,F1-Score,Training Time (s)
Random Forest,0.995470732343854,0.9971213291667903,0.995470732343854,0.9953588198404971,25.012757062911987
XGBoost,0.9955296633356625,0.9971803095638991,0.9955296633356625,0.9954251175297311,10.294195890426636
KNN,0.9953023580815437,0.9969264926063123,0.9953023580815437,0.9951931069900454,1.1246767044067383
